{
  "name": "Oswald",
  "designer": "vernon adams",
  "license": "",
  "visibility": "Sandbox",
  "category": "",
  "size": 26617,
  "dateAdded": "2012-09-23",
  "fonts": [
    {
      "name": "Oswald",
      "postScriptName": "Oswald-Bold",
      "fullName": "Oswald Bold",
      "style": "normal",
      "weight": 700,
      "filename": "Oswald-Bold.ttf",
      "copyright": "Copyright (c) 2011-12 by vernon adams. All rights reserved."
    },
    {
      "name": "Oswald",
      "postScriptName": "Oswald-Light",
      "fullName": "Oswald Light",
      "style": "normal",
      "weight": 300,
      "filename": "Oswald-Light.ttf",
      "copyright": "Copyright (c) 2011-12 by vernon adams. All rights reserved."
    },
    {
      "name": "Oswald",
      "postScriptName": "Oswald-Regular",
      "fullName": "Oswald Regular",
      "style": "normal",
      "weight": 400,
      "filename": "Oswald-Regular.ttf",
      "copyright": "Copyright (c) 2011-12 by vernon adams. All rights reserved."
    }
  ],
  "subsets": [
    "latin"
  ]
}
